Match index	Player Name	Ping	Kills	Assists	Deaths	MVP	HSP	Score	Map	Duration	Wait time	Date	Match Score
0	vbraia	15	24	4	9	5	41	53	Competitive Overpass	Match Duration: 33:20	Wait Time: 01:34	2021-05-13 02:20:43 GMT	16:04
7	IMMA	12	18	4	7	5	27	45	Competitive Cache	Match Duration: 28:19	Wait Time: 00:13	2021-05-09 23:20:30 GMT	16:04
4	ELVIS	51	18	2	7	3	38	41	Competitive Cache	Match Duration: 46:14	Wait Time: 01:02	2021-05-10 23:07:10 GMT	13:16
1	Mr.R4L	28	17	4	11	2	29	41	Competitive Inferno	Match Duration: 40:25	Wait Time: 00:38	2021-05-12 00:09:23 GMT	16:08
8	Andre de Carli	5	10	6	9	0	30	30	Competitive Inferno	Match Duration: 27:00	Wait Time: 00:22	2021-05-09 22:50:06 GMT	16:01
5	TK	6	12	1	17	2	33	34	Competitive Inferno	Match Duration: 46:33	Wait Time: 00:40	2021-05-10 22:13:42 GMT	15:15
2	ptrsn	12	11	3	19	0	36	27	Competitive Dust II	Match Duration: 28:58	Wait Time: 02:15	2021-05-11 17:02:30 GMT	6:16
9	BURGATO	5	8	1	19	0	50	22	Competitive Mirage	Match Duration: 43:03	Wait Time: 00:15	2021-05-09 14:23:10 GMT	9:16
6	LeqDOIDO	26	8	0	19	0	12	20	Competitive Mirage	Match Duration: 40:19	Wait Time: 00:19	2021-05-10 00:00:30 GMT	16:12
3	tortugoxx	0	4	2	13	0	25	10	Competitive Mirage	Match Duration: 39:37	Wait Time: 01:01	2021-05-11 16:15:42 GMT	10:16
0	?	23	29	2	12	3	34	62	Competitive Overpass	Match Duration: 33:20	Wait Time: 01:34	2021-05-13 02:20:43 GMT	16:04
7	Fuck-A	43	18	8	11	3	44	54	Competitive Cache	Match Duration: 28:19	Wait Time: 00:13	2021-05-09 23:20:30 GMT	16:04
4	PAKO	21	22	5	17	3	22	51	Competitive Cache	Match Duration: 46:14	Wait Time: 01:02	2021-05-10 23:07:10 GMT	13:16
1	tortugoxx	26	22	5	13	4	22	49	Competitive Inferno	Match Duration: 40:25	Wait Time: 00:38	2021-05-12 00:09:23 GMT	16:08
8	Rusio Brejcha	15	13	0	14	3	53	30	Competitive Inferno	Match Duration: 27:00	Wait Time: 00:22	2021-05-09 22:50:06 GMT	16:01
5	Arrant	5	18	2	18	3	61	44	Competitive Inferno	Match Duration: 46:33	Wait Time: 00:40	2021-05-10 22:13:42 GMT	15:15
2	Luminis 60Hz TV	5	15	9	20	0	53	42	Competitive Dust II	Match Duration: 28:58	Wait Time: 02:15	2021-05-11 17:02:30 GMT	6:16
9	DEMONTETOâ€¢	8	13	5	21	2	23	40	Competitive Mirage	Match Duration: 43:03	Wait Time: 00:15	2021-05-09 14:23:10 GMT	9:16
6	go gochimp	17	11	0	23	0	18	23	Competitive Mirage	Match Duration: 40:19	Wait Time: 00:19	2021-05-10 00:00:30 GMT	16:12
3	choripansit0	5	10	1	22	0	20	21	Competitive Mirage	Match Duration: 39:37	Wait Time: 01:01	2021-05-11 16:15:42 GMT	10:16
0	MambeRoy	63	26	1	17	4	38	62	Competitive Overpass	Match Duration: 33:20	Wait Time: 01:34	2021-05-13 02:20:43 GMT	16:04
7	z1de	0	18	4	18	0	27	45	Competitive Cache	Match Duration: 28:19	Wait Time: 00:13	2021-05-09 23:20:30 GMT	16:04
4	TinyRick	23	12	6	19	0	16	30	Competitive Cache	Match Duration: 46:14	Wait Time: 01:02	2021-05-10 23:07:10 GMT	13:16
1	G :)	58	11	4	20	0	81	27	Competitive Inferno	Match Duration: 40:25	Wait Time: 00:38	2021-05-12 00:09:23 GMT	16:08
8	xPlusS	0	4	2	7	0	25	10	Competitive Inferno	Match Duration: 27:00	Wait Time: 00:22	2021-05-09 22:50:06 GMT	16:01
5	FOLINI	43	26	3	11	5	38	63	Competitive Inferno	Match Duration: 46:33	Wait Time: 00:40	2021-05-10 22:13:42 GMT	15:15
2	Lobo Estepario	34	18	7	11	5	50	57	Competitive Dust II	Match Duration: 28:58	Wait Time: 02:15	2021-05-11 17:02:30 GMT	6:16
9	psX ^ :)	56	17	1	15	5	47	41	Competitive Mirage	Match Duration: 43:03	Wait Time: 00:15	2021-05-09 14:23:10 GMT	9:16
6	ghelin	41	12	6	18	0	50	31	Competitive Mirage	Match Duration: 40:19	Wait Time: 00:19	2021-05-10 00:00:30 GMT	16:12
3	tortugoxx	5	8	2	16	0	25	27	Competitive Mirage	Match Duration: 39:37	Wait Time: 01:01	2021-05-11 16:15:42 GMT	10:16
0	babbage	15	26	6	19	2	76	67	Competitive Overpass	Match Duration: 33:20	Wait Time: 01:34	2021-05-13 02:20:43 GMT	16:04
7	PanxoBiceps	7	24	2	19	5	30	58	Competitive Cache	Match Duration: 28:19	Wait Time: 00:13	2021-05-09 23:20:30 GMT	16:04
4	tortugoxx	16	17	5	21	0	58	43	Competitive Cache	Match Duration: 46:14	Wait Time: 01:02	2021-05-10 23:07:10 GMT	13:16
1	P3NTHA	10	16	3	20	2	64	36	Competitive Inferno	Match Duration: 40:25	Wait Time: 00:38	2021-05-12 00:09:23 GMT	16:08
8	LoKo_Mvte	0	7	1	8	0	28	16	Competitive Inferno	Match Duration: 27:00	Wait Time: 00:22	2021-05-09 22:50:06 GMT	16:01
5	Goodbye Moonmen	13	24	2	16	6	20	55	Competitive Inferno	Match Duration: 46:33	Wait Time: 00:40	2021-05-10 22:13:42 GMT	15:15
2	Anduuuæ‚²ã—ã„	7	18	4	16	5	50	49	Competitive Dust II	Match Duration: 28:58	Wait Time: 02:15	2021-05-11 17:02:30 GMT	6:16
9	Pailongo	21	16	5	21	0	37	45	Competitive Mirage	Match Duration: 43:03	Wait Time: 00:15	2021-05-09 14:23:10 GMT	9:16
6	â™ªâ™ªvichosalas123â™ªâ™ª	6	14	6	20	0	21	39	Competitive Mirage	Match Duration: 40:19	Wait Time: 00:19	2021-05-10 00:00:30 GMT	16:12
3	cabellowsky	18	11	12	21	5	41	39	Competitive Mirage	Match Duration: 39:37	Wait Time: 01:01	2021-05-11 16:15:42 GMT	10:16
0	vini+	5	35	5	18	4	31	81	Competitive Overpass	Match Duration: 33:20	Wait Time: 01:34	2021-05-13 02:20:43 GMT	16:04
7	.maxz3ra Pika2fly	26	28	3	20	3	53	65	Competitive Cache	Match Duration: 28:19	Wait Time: 00:13	2021-05-09 23:20:30 GMT	16:04
4	Pelota	25	15	8	21	0	20	42	Competitive Cache	Match Duration: 46:14	Wait Time: 01:02	2021-05-10 23:07:10 GMT	13:16
1	OLLVRG	15	12	1	19	2	50	39	Competitive Inferno	Match Duration: 40:25	Wait Time: 00:38	2021-05-12 00:09:23 GMT	16:08
8	TheMau	14	15	4	22	3	31	36	Competitive Inferno	Match Duration: 27:00	Wait Time: 00:22	2021-05-09 22:50:06 GMT	16:01
5	ozky	37	22	5	21	5	36	55	Competitive Inferno	Match Duration: 46:33	Wait Time: 00:40	2021-05-10 22:13:42 GMT	15:15
2	PneuDaVala	11	18	5	21	3	22	53	Competitive Dust II	Match Duration: 28:58	Wait Time: 02:15	2021-05-11 17:02:30 GMT	6:16
9	tortugoxx	31	19	5	20	0	21	51	Competitive Mirage	Match Duration: 43:03	Wait Time: 00:15	2021-05-09 14:23:10 GMT	9:16
6	TioSAMx	25	21	5	24	3	19	50	Competitive Mirage	Match Duration: 40:19	Wait Time: 00:19	2021-05-10 00:00:30 GMT	16:12
3	rainha elizabeth segunda	25	19	2	20	4	21	49	Competitive Mirage	Match Duration: 39:37	Wait Time: 01:01	2021-05-11 16:15:42 GMT	10:16
0	Zukiiito KeyDrop.com	34	28	5	18	6	42	61	Competitive Overpass	Match Duration: 33:20	Wait Time: 01:34	2021-05-13 02:20:43 GMT	16:04
7	JACKcs KEYDROP	50	24	3	19	4	25	54	Competitive Cache	Match Duration: 28:19	Wait Time: 00:13	2021-05-09 23:20:30 GMT	16:04
4	tortugoxx	29	20	8	22	0	45	53	Competitive Cache	Match Duration: 46:14	Wait Time: 01:02	2021-05-10 23:07:10 GMT	13:16
1	Victoria Secret	28	22	3	22	3	54	47	Competitive Inferno	Match Duration: 40:25	Wait Time: 00:38	2021-05-12 00:09:23 GMT	16:08
8	Dariushhdraven	24	17	4	22	2	17	40	Competitive Inferno	Match Duration: 27:00	Wait Time: 00:22	2021-05-09 22:50:06 GMT	16:01
5	Â¿Â¨Â¨Que Miras PutoÂ¨Â¨?	5	28	0	20	2	50	58	Competitive Inferno	Match Duration: 46:33	Wait Time: 00:40	2021-05-10 22:13:42 GMT	15:15
2	try	31	19	6	22	3	42	51	Competitive Dust II	Match Duration: 28:58	Wait Time: 02:15	2021-05-11 17:02:30 GMT	6:16
9	Maht	33	20	2	22	4	40	49	Competitive Mirage	Match Duration: 43:03	Wait Time: 00:15	2021-05-09 14:23:10 GMT	9:16
6	â™¿	27	21	4	23	3	28	46	Competitive Mirage	Match Duration: 40:19	Wait Time: 00:19	2021-05-10 00:00:30 GMT	16:12
3	GastonR-	42	15	5	24	3	33	40	Competitive Mirage	Match Duration: 39:37	Wait Time: 01:01	2021-05-11 16:15:42 GMT	10:16
0	a la grande le puse cuca	46	35	5	20	8	34	76	Competitive Overpass	Match Duration: 33:20	Wait Time: 01:34	2021-05-13 02:20:43 GMT	16:04
7	IARKIN ILLICH JESUS	43	27	7	21	4	44	62	Competitive Cache	Match Duration: 28:19	Wait Time: 00:13	2021-05-09 23:20:30 GMT	16:04
4	Mr.Robot	50	19	3	19	2	26	47	Competitive Cache	Match Duration: 46:14	Wait Time: 01:02	2021-05-10 23:07:10 GMT	13:16
1	andiG	36	15	2	15	2	13	44	Competitive Inferno	Match Duration: 40:25	Wait Time: 00:38	2021-05-12 00:09:23 GMT	16:08
8	Buzzer.sweet	48	7	9	18	0	71	26	Competitive Inferno	Match Duration: 27:00	Wait Time: 00:22	2021-05-09 22:50:06 GMT	16:01
5	hopper	13	31	2	20	6	48	71	Competitive Inferno	Match Duration: 46:33	Wait Time: 00:40	2021-05-10 22:13:42 GMT	15:15
2	ðŸ˜…	11	19	2	22	0	42	46	Competitive Dust II	Match Duration: 28:58	Wait Time: 02:15	2021-05-11 17:02:30 GMT	6:16
9	Ì´ . #izoOk '	26	15	4	19	0	26	38	Competitive Mirage	Match Duration: 43:03	Wait Time: 00:15	2021-05-09 14:23:10 GMT	9:16
6	tortugoxx	29	14	2	21	2	42	36	Competitive Mirage	Match Duration: 40:19	Wait Time: 00:19	2021-05-10 00:00:30 GMT	16:12
3	Ch4pul1n	27	13	5	22	2	42	33	Competitive Mirage	Match Duration: 39:37	Wait Time: 01:01	2021-05-11 16:15:42 GMT	10:16
0	Dettoven	10	25	4	10	5	32	61	Competitive Overpass	Match Duration: 33:20	Wait Time: 01:34	2021-05-13 02:20:43 GMT	16:04
7	Wanakinsky	13	25	4	9	5	56	57	Competitive Cache	Match Duration: 28:19	Wait Time: 00:13	2021-05-09 23:20:30 GMT	16:04
4	Kober	32	15	1	11	2	33	39	Competitive Cache	Match Duration: 46:14	Wait Time: 01:02	2021-05-10 23:07:10 GMT	13:16
1	MODOBALDU Aladriel	12	14	5	10	3	28	35	Competitive Inferno	Match Duration: 40:25	Wait Time: 00:38	2021-05-12 00:09:23 GMT	16:08
8	tortugoxx	10	14	3	10	0	14	31	Competitive Inferno	Match Duration: 27:00	Wait Time: 00:22	2021-05-09 22:50:06 GMT	16:01
5	DGlooMM	24	14	2	18	0	28	36	Competitive Inferno	Match Duration: 46:33	Wait Time: 00:40	2021-05-10 22:13:42 GMT	15:15
2	gRiNgO!!! 8-Â°Â°	18	13	3	18	2	23	30	Competitive Dust II	Match Duration: 28:58	Wait Time: 02:15	2021-05-11 17:02:30 GMT	6:16
9	El luki	35	8	5	19	0	62	26	Competitive Mirage	Match Duration: 43:03	Wait Time: 00:15	2021-05-09 14:23:10 GMT	9:16
6	Oscilador	0	8	2	19	0	50	20	Competitive Mirage	Match Duration: 40:19	Wait Time: 00:19	2021-05-10 00:00:30 GMT	16:12
3	-Radium-	30	7	6	19	0	42	20	Competitive Mirage	Match Duration: 39:37	Wait Time: 01:01	2021-05-11 16:15:42 GMT	10:16
0	â˜…-Mapache Bailando-â˜…	25	21	5	9	5	47	47	Competitive Overpass	Match Duration: 33:20	Wait Time: 01:34	2021-05-13 02:20:43 GMT	16:04
7	tortugoxx	8	19	4	7	5	15	47	Competitive Cache	Match Duration: 28:19	Wait Time: 00:13	2021-05-09 23:20:30 GMT	16:04
4	RACIOCÃNIO RACIONAL	70	15	5	9	2	13	35	Competitive Cache	Match Duration: 46:14	Wait Time: 01:02	2021-05-10 23:07:10 GMT	13:16
1	R19.Monster	111	16	0	9	0	31	32	Competitive Inferno	Match Duration: 40:25	Wait Time: 00:38	2021-05-12 00:09:23 GMT	16:08
8	RELÃ‚MPAGO MARQUINNN	70	11	2	7	3	9	28	Competitive Inferno	Match Duration: 27:00	Wait Time: 00:22	2021-05-09 22:50:06 GMT	16:01
5	Raiden.- KeyDrop.com	16	10	1	16	0	60	26	Competitive Inferno	Match Duration: 46:33	Wait Time: 00:40	2021-05-10 22:13:42 GMT	15:15
2	[FOX]	14	11	1	17	0	9	25	Competitive Dust II	Match Duration: 28:58	Wait Time: 02:15	2021-05-11 17:02:30 GMT	6:16
9	PandaaaaA! '	12	9	4	17	0	22	22	Competitive Mirage	Match Duration: 43:03	Wait Time: 00:15	2021-05-09 14:23:10 GMT	9:16
6	Ocellus	24	5	6	16	0	40	16	Competitive Mirage	Match Duration: 40:19	Wait Time: 00:19	2021-05-10 00:00:30 GMT	16:12
3	Honey	11	5	4	17	0	66	14	Competitive Mirage	Match Duration: 39:37	Wait Time: 01:01	2021-05-11 16:15:42 GMT	10:16
0	S1mpraoBR	32	19	8	19	3	36	53	Competitive Overpass	Match Duration: 33:20	Wait Time: 01:34	2021-05-13 02:20:43 GMT	16:04
7	Pochoclo rabioso	13	21	1	20	3	42	44	Competitive Cache	Match Duration: 28:19	Wait Time: 00:13	2021-05-09 23:20:30 GMT	16:04
4	CheWhy	22	17	5	19	2	23	42	Competitive Cache	Match Duration: 46:14	Wait Time: 01:02	2021-05-10 23:07:10 GMT	13:16
1	8PiNBlaCk	2	13	7	19	0	23	33	Competitive Inferno	Match Duration: 40:25	Wait Time: 00:38	2021-05-12 00:09:23 GMT	16:08
8	jvpr2	0	9	2	14	0	33	20	Competitive Inferno	Match Duration: 27:00	Wait Time: 00:22	2021-05-09 22:50:06 GMT	16:01
5	â˜ AGIOTA â˜	39	28	3	11	6	28	73	Competitive Inferno	Match Duration: 46:33	Wait Time: 00:40	2021-05-10 22:13:42 GMT	15:15
2	UzVesKis	37	23	7	16	5	52	55	Competitive Dust II	Match Duration: 28:58	Wait Time: 02:15	2021-05-11 17:02:30 GMT	6:16
9	kia	46	18	6	19	3	44	46	Competitive Mirage	Match Duration: 43:03	Wait Time: 00:15	2021-05-09 14:23:10 GMT	9:16
6	tortugoxx	5	10	7	16	0	40	30	Competitive Mirage	Match Duration: 40:19	Wait Time: 00:19	2021-05-10 00:00:30 GMT	16:12
3	cloush	34	12	1	17	2	58	28	Competitive Mirage	Match Duration: 39:37	Wait Time: 01:01	2021-05-11 16:15:42 GMT	10:16
0	Mario Crack	62	24	5	21	0	41	56	Competitive Overpass	Match Duration: 33:20	Wait Time: 01:34	2021-05-13 02:20:43 GMT	16:04
7	Bielzin	56	23	2	17	2	30	56	Competitive Cache	Match Duration: 28:19	Wait Time: 00:13	2021-05-09 23:20:30 GMT	16:04
4	tortugoxx	5	22	4	16	4	31	53	Competitive Cache	Match Duration: 46:14	Wait Time: 01:02	2021-05-10 23:07:10 GMT	13:16
1	omnz	15	19	8	17	6	36	49	Competitive Inferno	Match Duration: 40:25	Wait Time: 00:38	2021-05-12 00:09:23 GMT	16:08
8	ilusionista	74	16	6	19	3	43	44	Competitive Inferno	Match Duration: 27:00	Wait Time: 00:22	2021-05-09 22:50:06 GMT	16:01
5	batata2208	59	31	4	22	3	54	69	Competitive Inferno	Match Duration: 46:33	Wait Time: 00:40	2021-05-10 22:13:42 GMT	15:15
2	aceituna	45	21	4	22	3	47	50	Competitive Dust II	Match Duration: 28:58	Wait Time: 02:15	2021-05-11 17:02:30 GMT	6:16
9	Fil Johnes KeyDrop.com	44	18	1	21	2	38	44	Competitive Mirage	Match Duration: 43:03	Wait Time: 00:15	2021-05-09 14:23:10 GMT	9:16
6	Macauli ðŸ‘‘	46	12	6	25	0	58	38	Competitive Mirage	Match Duration: 40:19	Wait Time: 00:19	2021-05-10 00:00:30 GMT	16:12
3	ger0zinn	0	8	1	14	3	25	27	Competitive Mirage	Match Duration: 39:37	Wait Time: 01:01	2021-05-11 16:15:42 GMT	10:16
0	tortugoxx	5	19	3	21	0	42	43	Competitive Overpass	Match Duration: 33:20	Wait Time: 01:34	2021-05-13 02:20:43 GMT	16:04
7	El Tirri De Rayo.-	0	16	2	20	2	25	38	Competitive Cache	Match Duration: 28:19	Wait Time: 00:13	2021-05-09 23:20:30 GMT	16:04
4	FrinteZza*	27	14	6	19	0	35	35	Competitive Cache	Match Duration: 46:14	Wait Time: 01:02	2021-05-10 23:07:10 GMT	13:16
1	Foguin	92	14	1	20	2	28	32	Competitive Inferno	Match Duration: 40:25	Wait Time: 00:38	2021-05-12 00:09:23 GMT	16:08
8	$SAFEMOON	31	15	1	21	4	33	31	Competitive Inferno	Match Duration: 27:00	Wait Time: 00:22	2021-05-09 22:50:06 GMT	16:01
5	chin0W	27	28	4	14	5	60	65	Competitive Inferno	Match Duration: 46:33	Wait Time: 00:40	2021-05-10 22:13:42 GMT	15:15
2	ÐœÑƒÐ½ÑŒÐ¸Ñ144HZ	29	24	2	17	4	33	57	Competitive Dust II	Match Duration: 28:58	Wait Time: 02:15	2021-05-11 17:02:30 GMT	6:16
9	feddd	63	21	4	17	2	52	46	Competitive Mirage	Match Duration: 43:03	Wait Time: 00:15	2021-05-09 14:23:10 GMT	9:16
6	Raktov-17	17	16	1	16	3	43	42	Competitive Mirage	Match Duration: 40:19	Wait Time: 00:19	2021-05-10 00:00:30 GMT	16:12
3	Challa0	34	12	3	14	2	50	31	Competitive Mirage	Match Duration: 39:37	Wait Time: 01:01	2021-05-11 16:15:42 GMT	10:16
0	shibi is my new love	73	21	4	19	2	42	55	Competitive Overpass	Match Duration: 33:20	Wait Time: 01:34	2021-05-13 02:20:43 GMT	16:04
7	GuidoZns :)	27	18	5	21	0	50	46	Competitive Cache	Match Duration: 28:19	Wait Time: 00:13	2021-05-09 23:20:30 GMT	16:04
4	ye	22	18	4	19	3	33	44	Competitive Cache	Match Duration: 46:14	Wait Time: 01:02	2021-05-10 23:07:10 GMT	13:16
1	Esk4	39	18	4	19	2	38	43	Competitive Inferno	Match Duration: 40:25	Wait Time: 00:38	2021-05-12 00:09:23 GMT	16:08
8	Sprite Con Keta	16	7	2	23	0	71	16	Competitive Inferno	Match Duration: 27:00	Wait Time: 00:22	2021-05-09 22:50:06 GMT	16:01
5	tortugoxx	5	31	6	18	2	32	74	Competitive Inferno	Match Duration: 46:33	Wait Time: 00:40	2021-05-10 22:13:42 GMT	15:15
2	jemmmm	14	23	6	16	4	17	58	Competitive Dust II	Match Duration: 28:58	Wait Time: 02:15	2021-05-11 17:02:30 GMT	6:16
9	LezKyâ­•âƒ¤	29	17	4	12	4	23	51	Competitive Mirage	Match Duration: 43:03	Wait Time: 00:15	2021-05-09 14:23:10 GMT	9:16
6	no soy un virus, soy un delfin	49	18	2	18	4	50	39	Competitive Mirage	Match Duration: 40:19	Wait Time: 00:19	2021-05-10 00:00:30 GMT	16:12
3	(:	7	12	8	18	2	50	36	Competitive Mirage	Match Duration: 39:37	Wait Time: 01:01	2021-05-11 16:15:42 GMT	10:16
0	ç´”ç²‹ãªã‚¹ã‚­ãƒ«	0	20	3	18	0	25	46	Competitive Overpass	Match Duration: 33:20	Wait Time: 01:34	2021-05-13 02:20:43 GMT	16:04
7	@@HACHITA@@ KeyDrop.com	31	15	7	17	2	40	40	Competitive Cache	Match Duration: 28:19	Wait Time: 00:13	2021-05-09 23:20:30 GMT	16:04
4	swift	19	15	4	17	2	26	38	Competitive Cache	Match Duration: 46:14	Wait Time: 01:02	2021-05-10 23:07:10 GMT	13:16
1	tortugoxx	28	14	4	18	0	28	35	Competitive Inferno	Match Duration: 40:25	Wait Time: 00:38	2021-05-12 00:09:23 GMT	16:08
8	ãƒ‰ãƒ©ã‚³ã‚¹	65	9	4	20	0	55	23	Competitive Inferno	Match Duration: 27:00	Wait Time: 00:22	2021-05-09 22:50:06 GMT	16:01
5	Osaka	14	29	6	13	7	17	72	Competitive Inferno	Match Duration: 46:33	Wait Time: 00:40	2021-05-10 22:13:42 GMT	15:15
2	Daichi muerto	18	24	2	14	5	50	59	Competitive Dust II	Match Duration: 28:58	Wait Time: 02:15	2021-05-11 17:02:30 GMT	6:16
9	SPINNING	35	16	4	14	2	43	59	Competitive Mirage	Match Duration: 43:03	Wait Time: 00:15	2021-05-09 14:23:10 GMT	9:16
6	El Rumpy	20	11	4	15	2	18	33	Competitive Mirage	Match Duration: 40:19	Wait Time: 00:19	2021-05-10 00:00:30 GMT	16:12
3	Tristeza	15	9	3	18	0	30	22	Competitive Mirage	Match Duration: 39:37	Wait Time: 01:01	2021-05-11 16:15:42 GMT	10:16
0	chepa	35	21	2	12	6	40	52	Competitive Overpass	Match Duration: 33:20	Wait Time: 01:34	2021-05-13 02:20:43 GMT	16:04
7	âœª CnFJarra	32	22	0	7	5	45	48	Competitive Cache	Match Duration: 28:19	Wait Time: 00:13	2021-05-09 23:20:30 GMT	16:04
4	Chino	28	15	8	15	3	26	45	Competitive Cache	Match Duration: 46:14	Wait Time: 01:02	2021-05-10 23:07:10 GMT	13:16
1	PÃºrpura	48	13	3	8	2	28	35	Competitive Inferno	Match Duration: 40:25	Wait Time: 00:38	2021-05-12 00:09:23 GMT	16:08
8	katox	31	5	0	15	0	42	10	Competitive Inferno	Match Duration: 27:00	Wait Time: 00:22	2021-05-09 22:50:06 GMT	16:01
5	â‘³ ÆŠJÎ½s_	39	21	2	19	0	33	50	Competitive Inferno	Match Duration: 46:33	Wait Time: 00:40	2021-05-10 22:13:42 GMT	15:15
2	tortugoxx	5	14	3	18	0	50	31	Competitive Dust II	Match Duration: 28:58	Wait Time: 02:15	2021-05-11 17:02:30 GMT	6:16
9	lucas7f4	67	8	3	17	2	62	22	Competitive Mirage	Match Duration: 43:03	Wait Time: 00:15	2021-05-09 14:23:10 GMT	9:16
6	Max Power	5	8	2	18	0	11	18	Competitive Mirage	Match Duration: 40:19	Wait Time: 00:19	2021-05-10 00:00:30 GMT	16:12
3	SoldierLP KeyDrop.com	0	1	2	9	0	0	4	Competitive Mirage	Match Duration: 39:37	Wait Time: 01:01	2021-05-11 16:15:42 GMT	10:16
0	valtjk	48	29	4	18	7	41	69	Competitive Overpass	Match Duration: 33:20	Wait Time: 01:34	2021-05-13 02:20:43 GMT	16:04
7	D-E-A-N	46	24	2	17	4	29	59	Competitive Cache	Match Duration: 28:19	Wait Time: 00:13	2021-05-09 23:20:30 GMT	16:04
4	el tio ro el cap KEYDROP	33	23	3	16	3	47	56	Competitive Cache	Match Duration: 46:14	Wait Time: 01:02	2021-05-10 23:07:10 GMT	13:16
1	tortugoxx	26	16	7	20	2	43	41	Competitive Inferno	Match Duration: 40:25	Wait Time: 00:38	2021-05-12 00:09:23 GMT	16:08
8	Make KEYDROP	47	9	9	18	0	44	35	Competitive Inferno	Match Duration: 27:00	Wait Time: 00:22	2021-05-09 22:50:06 GMT	16:01
5	Dennis2k02	15	26	6	22	3	46	64	Competitive Inferno	Match Duration: 46:33	Wait Time: 00:40	2021-05-10 22:13:42 GMT	15:15
2	nexmra	5	22	5	20	3	59	54	Competitive Dust II	Match Duration: 28:58	Wait Time: 02:15	2021-05-11 17:02:30 GMT	6:16
9	Capitan Pingaloca	5	16	6	20	0	31	45	Competitive Mirage	Match Duration: 43:03	Wait Time: 00:15	2021-05-09 14:23:10 GMT	9:16
6	ê§à¼ºâ‚¦Ð‡â‚¦â„‘â‚³à¼»ê§‚	27	14	5	19	2	50	43	Competitive Mirage	Match Duration: 40:19	Wait Time: 00:19	2021-05-10 00:00:30 GMT	16:12
3	Fueta115	5	11	1	20	0	54	26	Competitive Mirage	Match Duration: 39:37	Wait Time: 01:01	2021-05-11 16:15:42 GMT	10:16
0	dimitra	25	21	3	10	6	59	59	Competitive Overpass	Match Duration: 33:20	Wait Time: 01:34	2021-05-13 02:20:43 GMT	16:04
7	ð—žð—®ð—°ð—µð—¶	35	20	9	14	5	50	52	Competitive Cache	Match Duration: 28:19	Wait Time: 00:13	2021-05-09 23:20:30 GMT	16:04
4	heaveN	45	18	3	7	2	61	47	Competitive Cache	Match Duration: 46:14	Wait Time: 01:02	2021-05-10 23:07:10 GMT	13:16
1	êœ±É´Éªá´˜á´‡Ê€	46	14	8	10	2	42	46	Competitive Inferno	Match Duration: 40:25	Wait Time: 00:38	2021-05-12 00:09:23 GMT	16:08
8	ð—¥ð—²ð—»ð—²â„¢	36	12	4	11	0	66	32	Competitive Inferno	Match Duration: 27:00	Wait Time: 00:22	2021-05-09 22:50:06 GMT	16:01
5	tortugoxx	21	13	1	17	2	46	31	Competitive Inferno	Match Duration: 46:33	Wait Time: 00:40	2021-05-10 22:13:42 GMT	15:15
2	MANAITOS :D	40	13	2	15	0	30	30	Competitive Dust II	Match Duration: 28:58	Wait Time: 02:15	2021-05-11 17:02:30 GMT	6:16
9	Dr WaRp	24	8	2	17	0	55	25	Competitive Mirage	Match Duration: 43:03	Wait Time: 00:15	2021-05-09 14:23:10 GMT	9:16
6	YisusCTMÂ®	126	10	4	20	0	30	24	Competitive Mirage	Match Duration: 40:19	Wait Time: 00:19	2021-05-10 00:00:30 GMT	16:12
3	Gaboo	31	6	3	18	0	50	17	Competitive Mirage	Match Duration: 39:37	Wait Time: 01:01	2021-05-11 16:15:42 GMT	10:16
0	â‚¦4â‚µâ±§1â‚®0Ó¾ ãƒ„ â’¾â’¼â“	5	28	1	18	5	41	64	Competitive Overpass	Match Duration: 33:20	Wait Time: 01:34	2021-05-13 02:20:43 GMT	16:04
7	Verkkuu2515	42	24	6	21	4	41	59	Competitive Cache	Match Duration: 28:19	Wait Time: 00:13	2021-05-09 23:20:30 GMT	16:04
4	zlAsasin	5	21	5	25	3	19	49	Competitive Cache	Match Duration: 46:14	Wait Time: 01:02	2021-05-10 23:07:10 GMT	13:16
1	tortugoxx	29	18	6	22	2	61	49	Competitive Inferno	Match Duration: 40:25	Wait Time: 00:38	2021-05-12 00:09:23 GMT	16:08
8	Jugo De Naranja	31	9	2	20	2	33	27	Competitive Inferno	Match Duration: 27:00	Wait Time: 00:22	2021-05-09 22:50:06 GMT	16:01
5	uwu	13	27	5	19	2	67	65	Competitive Inferno	Match Duration: 46:33	Wait Time: 00:40	2021-05-10 22:13:42 GMT	15:15
2	DON MAMÃ“N	17	23	6	20	0	52	59	Competitive Dust II	Match Duration: 28:58	Wait Time: 02:15	2021-05-11 17:02:30 GMT	6:16
9	YA PERDISTE LOCO	45	19	3	21	6	57	55	Competitive Mirage	Match Duration: 43:03	Wait Time: 00:15	2021-05-09 14:23:10 GMT	9:16
6	Bayron	31	19	3	22	3	52	50	Competitive Mirage	Match Duration: 40:19	Wait Time: 00:19	2021-05-10 00:00:30 GMT	16:12
3	EL QUE LEA ES GAY	11	16	4	20	0	18	41	Competitive Mirage	Match Duration: 39:37	Wait Time: 01:01	2021-05-11 16:15:42 GMT	10:16
0	Hookah	0	20	5	19	3	30	49	Competitive Overpass	Match Duration: 33:20	Wait Time: 01:34	2021-05-13 02:20:43 GMT	16:04
7	ðŸ§©DrAkOðŸ§©	5	17	5	18	0	35	41	Competitive Cache	Match Duration: 28:19	Wait Time: 00:13	2021-05-09 23:20:30 GMT	16:04
4	LTR	31	13	3	20	0	53	30	Competitive Cache	Match Duration: 46:14	Wait Time: 01:02	2021-05-10 23:07:10 GMT	13:16
1	Lion	47	11	3	16	0	63	25	Competitive Inferno	Match Duration: 40:25	Wait Time: 00:38	2021-05-12 00:09:23 GMT	16:08
8	ChAiN Ã‡+Â¡+Ã‡	54	9	1	18	0	22	21	Competitive Inferno	Match Duration: 27:00	Wait Time: 00:22	2021-05-09 22:50:06 GMT	16:01
5	tortugoxx	20	29	2	10	7	36	67	Competitive Inferno	Match Duration: 46:33	Wait Time: 00:40	2021-05-10 22:13:42 GMT	15:15
2	22:22	23	27	5	13	4	57	67	Competitive Dust II	Match Duration: 28:58	Wait Time: 02:15	2021-05-11 17:02:30 GMT	6:16
9	What Happened? âœª	40	15	5	17	2	53	39	Competitive Mirage	Match Duration: 43:03	Wait Time: 00:15	2021-05-09 14:23:10 GMT	9:16
6	NikoÂ¯\_(ãƒ„)_/Â¯	41	11	8	16	2	36	39	Competitive Mirage	Match Duration: 40:19	Wait Time: 00:19	2021-05-10 00:00:30 GMT	16:12
3	2002	43	7	2	16	0	28	26	Competitive Mirage	Match Duration: 39:37	Wait Time: 01:01	2021-05-11 16:15:42 GMT	10:16
0	Ofabim	49	28	2	18	3	50	69	Competitive Overpass	Match Duration: 33:20	Wait Time: 01:34	2021-05-13 02:20:43 GMT	16:04
7	tortugoxx	5	23	11	20	3	47	60	Competitive Cache	Match Duration: 28:19	Wait Time: 00:13	2021-05-09 23:20:30 GMT	16:04
4	TSM_SaanMa	0	16	6	20	3	56	39	Competitive Cache	Match Duration: 46:14	Wait Time: 01:02	2021-05-10 23:07:10 GMT	13:16
1	Deagle!	59	12	8	19	0	50	37	Competitive Inferno	Match Duration: 40:25	Wait Time: 00:38	2021-05-12 00:09:23 GMT	16:08
8	mas velho	33	8	1	23	0	25	22	Competitive Inferno	Match Duration: 27:00	Wait Time: 00:22	2021-05-09 22:50:06 GMT	16:01
5	Chotaro	43	23	8	15	3	39	65	Competitive Inferno	Match Duration: 46:33	Wait Time: 00:40	2021-05-10 22:13:42 GMT	15:15
2	Nico	130	21	3	17	2	23	53	Competitive Dust II	Match Duration: 28:58	Wait Time: 02:15	2021-05-11 17:02:30 GMT	6:16
9	Jotara	106	21	5	17	2	36	51	Competitive Mirage	Match Duration: 43:03	Wait Time: 00:15	2021-05-09 14:23:10 GMT	9:16
6	â™¦Â£txeL|23â™¦	39	19	4	20	7	35	50	Competitive Mirage	Match Duration: 40:19	Wait Time: 00:19	2021-05-10 00:00:30 GMT	16:12
3	Caster Lumos	45	14	4	20	2	35	38	Competitive Mirage	Match Duration: 39:37	Wait Time: 01:01	2021-05-11 16:15:42 GMT	10:16
0	F a b i	14	30	4	21	8	16	76	Competitive Overpass	Match Duration: 33:20	Wait Time: 01:34	2021-05-13 02:20:43 GMT	16:04
7	Nxchx	63	22	7	19	2	22	60	Competitive Cache	Match Duration: 28:19	Wait Time: 00:13	2021-05-09 23:20:30 GMT	16:04
4	Mister	18	25	5	20	2	20	57	Competitive Cache	Match Duration: 46:14	Wait Time: 01:02	2021-05-10 23:07:10 GMT	13:16
1	YEKINDAR	24	23	3	19	2	21	55	Competitive Inferno	Match Duration: 40:25	Wait Time: 00:38	2021-05-12 00:09:23 GMT	16:08
8	iLanChuS	12	16	11	24	2	56	45	Competitive Inferno	Match Duration: 27:00	Wait Time: 00:22	2021-05-09 22:50:06 GMT	16:01
5	tortugoxx	6	26	7	21	4	34	71	Competitive Inferno	Match Duration: 46:33	Wait Time: 00:40	2021-05-10 22:13:42 GMT	15:15
2	Josef	44	24	7	22	4	20	65	Competitive Dust II	Match Duration: 28:58	Wait Time: 02:15	2021-05-11 17:02:30 GMT	6:16
9	*CORINGA*	43	20	3	23	2	47	49	Competitive Mirage	Match Duration: 43:03	Wait Time: 00:15	2021-05-09 14:23:10 GMT	9:16
6	_-DZO-_	41	17	5	22	0	52	48	Competitive Mirage	Match Duration: 40:19	Wait Time: 00:19	2021-05-10 00:00:30 GMT	16:12
3	LUNCHERA	32	15	0	29	2	26	32	Competitive Mirage	Match Duration: 39:37	Wait Time: 01:01	2021-05-11 16:15:42 GMT	10:16
0	Buzzcut	0	34	4	21	7	35	83	Competitive Overpass	Match Duration: 33:20	Wait Time: 01:34	2021-05-13 02:20:43 GMT	16:04
7	è£…ç”²ãƒ­ãƒœãƒƒãƒˆéŸ³	35	36	3	17	6	33	79	Competitive Cache	Match Duration: 28:19	Wait Time: 00:13	2021-05-09 23:20:30 GMT	16:04
4	Â¿? not click Â¿?	39	18	7	25	0	50	46	Competitive Cache	Match Duration: 46:14	Wait Time: 01:02	2021-05-10 23:07:10 GMT	13:16
1	Creme de abacate	48	15	4	19	0	53	45	Competitive Inferno	Match Duration: 40:25	Wait Time: 00:38	2021-05-12 00:09:23 GMT	16:08
8	Eu sou do Rock ðŸ¤˜	41	13	7	21	2	23	36	Competitive Inferno	Match Duration: 27:00	Wait Time: 00:22	2021-05-09 22:50:06 GMT	16:01
5	felipeira	49	23	3	22	4	29	61	Competitive Inferno	Match Duration: 46:33	Wait Time: 00:40	2021-05-10 22:13:42 GMT	15:15
2	Vortex MaGiT 14	15	22	10	25	3	27	61	Competitive Dust II	Match Duration: 28:58	Wait Time: 02:15	2021-05-11 17:02:30 GMT	6:16
9	â›§ yari	27	23	1	23	4	47	50	Competitive Mirage	Match Duration: 43:03	Wait Time: 00:15	2021-05-09 14:23:10 GMT	9:16
6	tortugoxx	5	18	6	25	0	55	46	Competitive Mirage	Match Duration: 40:19	Wait Time: 00:19	2021-05-10 00:00:30 GMT	16:12
3	CariocaXD	48	16	5	22	2	43	42	Competitive Mirage	Match Duration: 39:37	Wait Time: 01:01	2021-05-11 16:15:42 GMT	10:16
0	GOREFEST	30	23	4	11	5	30	62	Competitive Overpass	Match Duration: 33:20	Wait Time: 01:34	2021-05-13 02:20:43 GMT	16:04
7	makima god	5	22	4	16	4	54	50	Competitive Cache	Match Duration: 28:19	Wait Time: 00:13	2021-05-09 23:20:30 GMT	16:04
4	Pisco a lo Macho	12	19	3	17	3	40	49	Competitive Cache	Match Duration: 46:14	Wait Time: 01:02	2021-05-10 23:07:10 GMT	13:16
1	tortugoxx	25	13	5	15	3	46	35	Competitive Inferno	Match Duration: 40:25	Wait Time: 00:38	2021-05-12 00:09:23 GMT	16:08
8	Gonzalillo	20	11	6	19	0	36	30	Competitive Inferno	Match Duration: 27:00	Wait Time: 00:22	2021-05-09 22:50:06 GMT	16:01
5	yiyo	10	27	1	16	3	66	62	Competitive Inferno	Match Duration: 46:33	Wait Time: 00:40	2021-05-10 22:13:42 GMT	15:15
2	sKr	17	16	1	18	0	37	37	Competitive Dust II	Match Duration: 28:58	Wait Time: 02:15	2021-05-11 17:02:30 GMT	6:16
9	sANjar	5	13	4	18	3	76	30	Competitive Mirage	Match Duration: 43:03	Wait Time: 00:15	2021-05-09 14:23:10 GMT	9:16
6	Lhebrown	41	11	2	19	0	45	26	Competitive Mirage	Match Duration: 40:19	Wait Time: 00:19	2021-05-10 00:00:30 GMT	16:12
3	MerZii hellcase.org	5	9	4	19	0	60	26	Competitive Mirage	Match Duration: 39:37	Wait Time: 01:01	2021-05-11 16:15:42 GMT	10:16
0	tortugoxx	24	30	5	17	7	43	77	Competitive Overpass	Match Duration: 33:20	Wait Time: 01:34	2021-05-13 02:20:43 GMT	16:04
7	Ntf-	6	20	8	20	2	30	61	Competitive Cache	Match Duration: 28:19	Wait Time: 00:13	2021-05-09 23:20:30 GMT	16:04
4	DanielloJack1891	41	23	4	19	3	26	54	Competitive Cache	Match Duration: 46:14	Wait Time: 01:02	2021-05-10 23:07:10 GMT	13:16
1	RobertoFB	45	15	8	19	3	41	46	Competitive Inferno	Match Duration: 40:25	Wait Time: 00:38	2021-05-12 00:09:23 GMT	16:08
8	Sniper Monkey	36	10	5	24	0	40	25	Competitive Inferno	Match Duration: 27:00	Wait Time: 00:22	2021-05-09 22:50:06 GMT	16:01
5	$NOT KEYDROP	37	27	4	18	3	33	69	Competitive Inferno	Match Duration: 46:33	Wait Time: 00:40	2021-05-10 22:13:42 GMT	15:15
2	IFuruDeI	24	21	7	21	3	33	58	Competitive Dust II	Match Duration: 28:58	Wait Time: 02:15	2021-05-11 17:02:30 GMT	6:16
9	Segudp	64	24	8	20	4	33	57	Competitive Mirage	Match Duration: 43:03	Wait Time: 00:15	2021-05-09 14:23:10 GMT	9:16
6	Parabola de Neil's	54	12	5	20	0	58	42	Competitive Mirage	Match Duration: 40:19	Wait Time: 00:19	2021-05-10 00:00:30 GMT	16:12
3	Felpin	39	13	2	21	0	30	34	Competitive Mirage	Match Duration: 39:37	Wait Time: 01:01	2021-05-11 16:15:42 GMT	10:16
0	t3x	61	17	0	5	5	47	39	Competitive Overpass	Match Duration: 33:20	Wait Time: 01:34	2021-05-13 02:20:43 GMT	16:04
7	haken_	31	16	3	6	4	18	39	Competitive Cache	Match Duration: 28:19	Wait Time: 00:13	2021-05-09 23:20:30 GMT	16:04
4	elite	43	9	2	10	0	33	21	Competitive Cache	Match Duration: 46:14	Wait Time: 01:02	2021-05-10 23:07:10 GMT	13:16
1	tortugoxx	5	6	3	5	2	50	19	Competitive Inferno	Match Duration: 40:25	Wait Time: 00:38	2021-05-12 00:09:23 GMT	16:08
8	CP_etroM	62	6	3	8	0	16	18	Competitive Inferno	Match Duration: 27:00	Wait Time: 00:22	2021-05-09 22:50:06 GMT	16:01
5	ï¸»ãƒ‡ ä¸€à¸£Ð¸à¹à¹×§Ã½	41	11	1	12	0	45	30	Competitive Inferno	Match Duration: 46:33	Wait Time: 00:40	2021-05-10 22:13:42 GMT	15:15
2	MenÃ³ #30	39	10	0	12	0	50	24	Competitive Dust II	Match Duration: 28:58	Wait Time: 02:15	2021-05-11 17:02:30 GMT	6:16
9	Pzyclone	79	6	1	13	0	71	14	Competitive Mirage	Match Duration: 43:03	Wait Time: 00:15	2021-05-09 14:23:10 GMT	9:16
6	16y.o.talent Sasuke UCHIHA	82	3	1	13	0	50	10	Competitive Mirage	Match Duration: 40:19	Wait Time: 00:19	2021-05-10 00:00:30 GMT	16:12
3	nickkkk ãƒ„	0	2	0	6	0	50	4	Competitive Mirage	Match Duration: 39:37	Wait Time: 01:01	2021-05-11 16:15:42 GMT	10:16
0	MatyFishã‚·	5	20	3	18	3	20	54	Competitive Overpass	Match Duration: 33:20	Wait Time: 01:34	2021-05-13 02:20:43 GMT	16:04
7	martin	33	18	6	22	4	44	46	Competitive Cache	Match Duration: 28:19	Wait Time: 00:13	2021-05-09 23:20:30 GMT	16:04
4	Crisds	15	16	3	20	0	31	41	Competitive Cache	Match Duration: 46:14	Wait Time: 01:02	2021-05-10 23:07:10 GMT	13:16
1	A	27	17	1	21	2	64	37	Competitive Inferno	Match Duration: 40:25	Wait Time: 00:38	2021-05-12 00:09:23 GMT	16:08
8	rock	17	12	4	23	0	41	31	Competitive Inferno	Match Duration: 27:00	Wait Time: 00:22	2021-05-09 22:50:06 GMT	16:01
5	7	15	24	4	14	5	37	67	Competitive Inferno	Match Duration: 46:33	Wait Time: 00:40	2021-05-10 22:13:42 GMT	15:15
2	Garyrb25	19	19	4	19	2	15	55	Competitive Dust II	Match Duration: 28:58	Wait Time: 02:15	2021-05-11 17:02:30 GMT	6:16
9	$CRIM	35	22	7	19	4	18	52	Competitive Mirage	Match Duration: 43:03	Wait Time: 00:15	2021-05-09 14:23:10 GMT	9:16
6	migo	6	22	3	13	4	54	48	Competitive Mirage	Match Duration: 40:19	Wait Time: 00:19	2021-05-10 00:00:30 GMT	16:12
3	tortugoxx	22	17	6	18	0	41	43	Competitive Mirage	Match Duration: 39:37	Wait Time: 01:01	2021-05-11 16:15:42 GMT	10:16
0	KKKKKKKKKKKKKKKKKKKKKKKKKKKKKKKK	42	21	0	18	0	23	42	Competitive Overpass	Match Duration: 33:20	Wait Time: 01:34	2021-05-13 02:20:43 GMT	16:04
7	BOT Harry	10	15	3	17	0	26	33	Competitive Cache	Match Duration: 28:19	Wait Time: 00:13	2021-05-09 23:20:30 GMT	16:04
4	Costa	17	6	3	18	0	0	15	Competitive Cache	Match Duration: 46:14	Wait Time: 01:02	2021-05-10 23:07:10 GMT	13:16
1	DarmSeven	30	4	2	14	0	0	10	Competitive Inferno	Match Duration: 40:25	Wait Time: 00:38	2021-05-12 00:09:23 GMT	16:08
8	tortugoxx	0	2	3	12	0	16	7	Competitive Inferno	Match Duration: 27:00	Wait Time: 00:22	2021-05-09 22:50:06 GMT	16:01
5	Gustyago	14	22	3	8	4	36	60	Competitive Inferno	Match Duration: 46:33	Wait Time: 00:40	2021-05-10 22:13:42 GMT	15:15
2	yyn	17	15	2	11	5	26	43	Competitive Dust II	Match Duration: 28:58	Wait Time: 02:15	2021-05-11 17:02:30 GMT	6:16
9	Cl0usss	19	19	2	11	0	36	40	Competitive Mirage	Match Duration: 43:03	Wait Time: 00:15	2021-05-09 14:23:10 GMT	9:16
6	master	28	12	5	11	3	33	36	Competitive Mirage	Match Duration: 40:19	Wait Time: 00:19	2021-05-10 00:00:30 GMT	16:12
3	Ntf-	11	7	5	11	3	14	23	Competitive Mirage	Match Duration: 39:37	Wait Time: 01:01	2021-05-11 16:15:42 GMT	10:16
0	Kagami	16	26	3	19	3	53	60	Competitive Overpass	Match Duration: 33:20	Wait Time: 01:34	2021-05-13 02:20:43 GMT	16:04
7	Nate	16	20	3	21	2	15	48	Competitive Cache	Match Duration: 28:19	Wait Time: 00:13	2021-05-09 23:20:30 GMT	16:04
4	luiba ðŸ¦ˆ	37	14	6	24	0	28	39	Competitive Cache	Match Duration: 46:14	Wait Time: 01:02	2021-05-10 23:07:10 GMT	13:16
1	Zurkeira	12	16	1	22	4	31	38	Competitive Inferno	Match Duration: 40:25	Wait Time: 00:38	2021-05-12 00:09:23 GMT	16:08
8	á¶œá´±á´¸áµ€4	12	7	4	23	0	42	23	Competitive Inferno	Match Duration: 27:00	Wait Time: 00:22	2021-05-09 22:50:06 GMT	16:01
5	Scent-imental.	32	20	8	13	3	35	63	Competitive Inferno	Match Duration: 46:33	Wait Time: 00:40	2021-05-10 22:13:42 GMT	15:15
2	Dracarys	12	24	5	18	3	37	58	Competitive Dust II	Match Duration: 28:58	Wait Time: 02:15	2021-05-11 17:02:30 GMT	6:16
9	Against The Gods	39	21	10	18	3	42	58	Competitive Mirage	Match Duration: 43:03	Wait Time: 00:15	2021-05-09 14:23:10 GMT	9:16
6	tortugoxx	31	24	4	17	3	33	56	Competitive Mirage	Match Duration: 40:19	Wait Time: 00:19	2021-05-10 00:00:30 GMT	16:12
3	KaYeZ â™”	34	20	2	17	4	40	47	Competitive Mirage	Match Duration: 39:37	Wait Time: 01:01	2021-05-11 16:15:42 GMT	10:16
0	Jak1ngbert	31	38	6	18	5	39	89	Competitive Overpass	Match Duration: 33:20	Wait Time: 01:34	2021-05-13 02:20:43 GMT	16:04
7	Cigarrum	62	22	3	17	5	31	59	Competitive Cache	Match Duration: 28:19	Wait Time: 00:13	2021-05-09 23:20:30 GMT	16:04
4	tortugoxx	13	21	6	15	4	31	52	Competitive Cache	Match Duration: 46:14	Wait Time: 01:02	2021-05-10 23:07:10 GMT	13:16
1	Shugar	37	18	4	19	0	27	42	Competitive Inferno	Match Duration: 40:25	Wait Time: 00:38	2021-05-12 00:09:23 GMT	16:08
8	â™šLil -QuetzaLâ™š	26	11	7	19	2	41	33	Competitive Inferno	Match Duration: 27:00	Wait Time: 00:22	2021-05-09 22:50:06 GMT	16:01
5	Mitra	27	28	8	26	4	35	70	Competitive Inferno	Match Duration: 46:33	Wait Time: 00:40	2021-05-10 22:13:42 GMT	15:15
2	TheFedexD	14	21	3	21	4	38	56	Competitive Dust II	Match Duration: 28:58	Wait Time: 02:15	2021-05-11 17:02:30 GMT	6:16
9	El Son	74	21	3	22	3	28	53	Competitive Mirage	Match Duration: 43:03	Wait Time: 00:15	2021-05-09 14:23:10 GMT	9:16
6	Gonza	15	8	3	24	0	33	23	Competitive Mirage	Match Duration: 40:19	Wait Time: 00:19	2021-05-10 00:00:30 GMT	16:12
3	Antezana	15	6	4	21	0	57	23	Competitive Mirage	Match Duration: 39:37	Wait Time: 01:01	2021-05-11 16:15:42 GMT	10:16
0	Waster	5	36	8	22	8	41	94	Competitive Overpass	Match Duration: 33:20	Wait Time: 01:34	2021-05-13 02:20:43 GMT	16:04
7	Davorz1nho	28	27	7	20	5	46	67	Competitive Cache	Match Duration: 28:19	Wait Time: 00:13	2021-05-09 23:20:30 GMT	16:04
4	Mr. Goio	17	25	3	20	0	28	60	Competitive Cache	Match Duration: 46:14	Wait Time: 01:02	2021-05-10 23:07:10 GMT	13:16
1	Chaka	5	16	8	25	2	47	44	Competitive Inferno	Match Duration: 40:25	Wait Time: 00:38	2021-05-12 00:09:23 GMT	16:08
8	Mr. inakopp	31	11	10	25	0	27	42	Competitive Inferno	Match Duration: 27:00	Wait Time: 00:22	2021-05-09 22:50:06 GMT	16:01
5	Plebeyo	15	26	2	22	3	34	69	Competitive Inferno	Match Duration: 46:33	Wait Time: 00:40	2021-05-10 22:13:42 GMT	15:15
2	Calmao noma	13	25	6	25	4	44	63	Competitive Dust II	Match Duration: 28:58	Wait Time: 02:15	2021-05-11 17:02:30 GMT	6:16
9	ðŸ†‡ðŸ…½ðŸ…³	78	21	6	21	3	47	57	Competitive Mirage	Match Duration: 43:03	Wait Time: 00:15	2021-05-09 14:23:10 GMT	9:16
6	KUCHAU	11	18	6	26	4	42	52	Competitive Mirage	Match Duration: 40:19	Wait Time: 00:19	2021-05-10 00:00:30 GMT	16:12
3	tortugoxx	27	19	3	24	0	42	48	Competitive Mirage	Match Duration: 39:37	Wait Time: 01:01	2021-05-11 16:15:42 GMT	10:16
0	ChancelleR	5	23	6	18	3	26	52	Competitive Overpass	Match Duration: 33:20	Wait Time: 01:34	2021-05-13 02:20:43 GMT	16:04
7	BonorayÃ¼	13	13	8	18	2	26	40	Competitive Cache	Match Duration: 28:19	Wait Time: 00:13	2021-05-09 23:20:30 GMT	16:04
4	pF	0	14	5	18	0	50	35	Competitive Cache	Match Duration: 46:14	Wait Time: 01:02	2021-05-10 23:07:10 GMT	13:16
1	LeoMarodin	12	12	1	17	0	33	32	Competitive Inferno	Match Duration: 40:25	Wait Time: 00:38	2021-05-12 00:09:23 GMT	16:08
8	gerso da moto	0	6	1	13	0	16	13	Competitive Inferno	Match Duration: 27:00	Wait Time: 00:22	2021-05-09 22:50:06 GMT	16:01
5	âœª HIGHCULTURE HEADSHOP ä¸š	80	16	5	14	6	47	58	Competitive Inferno	Match Duration: 46:33	Wait Time: 00:40	2021-05-10 22:13:42 GMT	15:15
2	tortugoxx	31	20	3	13	2	65	53	Competitive Dust II	Match Duration: 28:58	Wait Time: 02:15	2021-05-11 17:02:30 GMT	6:16
9	Violinha	63	16	6	14	2	50	46	Competitive Mirage	Match Duration: 43:03	Wait Time: 00:15	2021-05-09 14:23:10 GMT	9:16
6	Abre Testa	71	14	3	18	3	31	38	Competitive Mirage	Match Duration: 40:19	Wait Time: 00:19	2021-05-10 00:00:30 GMT	16:12
3	bigSTC- ãƒ„ãƒ„ãƒ„	46	13	1	14	3	30	38	Competitive Mirage	Match Duration: 39:37	Wait Time: 01:01	2021-05-11 16:15:42 GMT	10:16
0	truke /A/	27	27	5	23	7	62	68	Competitive Overpass	Match Duration: 33:20	Wait Time: 01:34	2021-05-13 02:20:43 GMT	16:04
7	Art_Sold1er	39	28	5	21	0	13	67	Competitive Cache	Match Duration: 28:19	Wait Time: 00:13	2021-05-09 23:20:30 GMT	16:04
4	geze	33	17	5	24	4	44	43	Competitive Cache	Match Duration: 46:14	Wait Time: 01:02	2021-05-10 23:07:10 GMT	13:16
1	tortugoxx	28	15	6	23	0	40	41	Competitive Inferno	Match Duration: 40:25	Wait Time: 00:38	2021-05-12 00:09:23 GMT	16:08
8	Robot â¸¸	36	17	3	24	2	47	39	Competitive Inferno	Match Duration: 27:00	Wait Time: 00:22	2021-05-09 22:50:06 GMT	16:01
5	LA DEL VIOLIN SSJGOOOD	35	38	1	15	9	52	89	Competitive Inferno	Match Duration: 46:33	Wait Time: 00:40	2021-05-10 22:13:42 GMT	15:15
2	Deka	56	27	6	22	4	40	66	Competitive Dust II	Match Duration: 28:58	Wait Time: 02:15	2021-05-11 17:02:30 GMT	6:16
9	Alrack	62	21	5	23	0	19	53	Competitive Mirage	Match Duration: 43:03	Wait Time: 00:15	2021-05-09 14:23:10 GMT	9:16
6	BoritaPlanchao 1.8turbo	57	12	4	22	2	50	43	Competitive Mirage	Match Duration: 40:19	Wait Time: 00:19	2021-05-10 00:00:30 GMT	16:12
3	Kanye West	10	15	5	24	0	33	36	Competitive Mirage	Match Duration: 39:37	Wait Time: 01:01	2021-05-11 16:15:42 GMT	10:16
0	FDF - Brucco	35	24	4	20	3	54	60	Competitive Overpass	Match Duration: 33:20	Wait Time: 01:34	2021-05-13 02:20:43 GMT	16:04
7	ks0u	15	24	5	17	3	33	57	Competitive Cache	Match Duration: 28:19	Wait Time: 00:13	2021-05-09 23:20:30 GMT	16:04
4	4NDRUU	15	12	3	21	0	41	27	Competitive Cache	Match Duration: 46:14	Wait Time: 01:02	2021-05-10 23:07:10 GMT	13:16
1	FDF - LIL7OMATE	42	10	5	23	0	40	27	Competitive Inferno	Match Duration: 40:25	Wait Time: 00:38	2021-05-12 00:09:23 GMT	16:08
8	RRMC - TomyNx	46	8	4	21	0	62	21	Competitive Inferno	Match Duration: 27:00	Wait Time: 00:22	2021-05-09 22:50:06 GMT	16:01
5	tortugoxx	28	29	2	11	5	48	69	Competitive Inferno	Match Duration: 46:33	Wait Time: 00:40	2021-05-10 22:13:42 GMT	15:15
2	MijaÃ­l KalÃ¡shniGod	29	21	1	19	2	52	48	Competitive Dust II	Match Duration: 28:58	Wait Time: 02:15	2021-05-11 17:02:30 GMT	6:16
9	Ivan Malankov	46	17	9	18	3	52	47	Competitive Mirage	Match Duration: 43:03	Wait Time: 00:15	2021-05-09 14:23:10 GMT	9:16
6	MIKKEL	30	18	6	14	2	27	45	Competitive Mirage	Match Duration: 40:19	Wait Time: 00:19	2021-05-10 00:00:30 GMT	16:12
3	Argene JR	50	17	2	16	4	41	41	Competitive Mirage	Match Duration: 39:37	Wait Time: 01:01	2021-05-11 16:15:42 GMT	10:16
0	bills	23	36	5	17	5	41	81	Competitive Overpass	Match Duration: 33:20	Wait Time: 01:34	2021-05-13 02:20:43 GMT	16:04
7	Nano_oscuro	16	23	9	21	3	30	60	Competitive Cache	Match Duration: 28:19	Wait Time: 00:13	2021-05-09 23:20:30 GMT	16:04
4	Daroff13ä¹¡	14	20	7	21	4	28	47	Competitive Cache	Match Duration: 46:14	Wait Time: 01:02	2021-05-10 23:07:10 GMT	13:16
1	skyrrayder	25	14	4	21	0	35	44	Competitive Inferno	Match Duration: 40:25	Wait Time: 00:38	2021-05-12 00:09:23 GMT	16:08
8	Arthur	16	15	1	21	3	53	34	Competitive Inferno	Match Duration: 27:00	Wait Time: 00:22	2021-05-09 22:50:06 GMT	16:01
5	âœª ð“™ð“¸ð“´ð“®ð“»	42	37	2	24	6	37	77	Competitive Inferno	Match Duration: 46:33	Wait Time: 00:40	2021-05-10 22:13:42 GMT	15:15
2	tortugoxx	12	25	8	22	4	40	61	Competitive Dust II	Match Duration: 28:58	Wait Time: 02:15	2021-05-11 17:02:30 GMT	6:16
9	Ignacio Saavedra	48	17	4	22	2	35	46	Competitive Mirage	Match Duration: 43:03	Wait Time: 00:15	2021-05-09 14:23:10 GMT	9:16
6	(à¸‡'Ì€-'Ì)à¸‡â˜ Cego&Cotocoâ˜ â­•âƒ¤	93	17	4	21	0	29	46	Competitive Mirage	Match Duration: 40:19	Wait Time: 00:19	2021-05-10 00:00:30 GMT	16:12
3	SNIPER f0x	34	3	3	21	0	0	15	Competitive Mirage	Match Duration: 39:37	Wait Time: 01:01	2021-05-11 16:15:42 GMT	10:16
0	Adapt	42	21	6	22	4	42	56	Competitive Overpass	Match Duration: 33:20	Wait Time: 01:34	2021-05-13 02:20:43 GMT	16:04
7	Reii157 KEYDROP	46	18	1	22	0	38	44	Competitive Cache	Match Duration: 28:19	Wait Time: 00:13	2021-05-09 23:20:30 GMT	16:04
4	Nike nÃ© pai	31	13	4	23	3	64	42	Competitive Cache	Match Duration: 46:14	Wait Time: 01:02	2021-05-10 23:07:10 GMT	13:16
1	tortugoxx	5	17	4	24	3	23	40	Competitive Inferno	Match Duration: 40:25	Wait Time: 00:38	2021-05-12 00:09:23 GMT	16:08
8	el tio ro el cap KEYDROP	23	17	1	25	3	41	35	Competitive Inferno	Match Duration: 27:00	Wait Time: 00:22	2021-05-09 22:50:06 GMT	16:01
5	L04D1NG_	65	37	4	17	7	43	84	Competitive Inferno	Match Duration: 46:33	Wait Time: 00:40	2021-05-10 22:13:42 GMT	15:15
2	El Peluquero	41	24	3	17	3	50	58	Competitive Dust II	Match Duration: 28:58	Wait Time: 02:15	2021-05-11 17:02:30 GMT	6:16
9	isis	12	18	6	19	3	38	55	Competitive Mirage	Match Duration: 43:03	Wait Time: 00:15	2021-05-09 14:23:10 GMT	9:16
6	LaryS	78	22	2	16	2	22	51	Competitive Mirage	Match Duration: 40:19	Wait Time: 00:19	2021-05-10 00:00:30 GMT	16:12
3	Free Kill	73	14	6	18	0	71	38	Competitive Mirage	Match Duration: 39:37	Wait Time: 01:01	2021-05-11 16:15:42 GMT	10:16
0	Â¡VAn!	0	19	4	18	4	20	46	Competitive Overpass	Match Duration: 33:20	Wait Time: 01:34	2021-05-13 02:20:43 GMT	16:04
7	baila comigo	14	17	2	20	2	64	36	Competitive Cache	Match Duration: 28:19	Wait Time: 00:13	2021-05-09 23:20:30 GMT	16:04
4	Raga3l	21	11	3	17	0	18	25	Competitive Cache	Match Duration: 46:14	Wait Time: 01:02	2021-05-10 23:07:10 GMT	13:16
1	tortugoxx	0	7	3	18	0	28	20	Competitive Inferno	Match Duration: 40:25	Wait Time: 00:38	2021-05-12 00:09:23 GMT	16:08
8	SprayHop	0	6	1	10	0	33	13	Competitive Inferno	Match Duration: 27:00	Wait Time: 00:22	2021-05-09 22:50:06 GMT	16:01
5	BalavoaTBC	23	24	6	10	4	25	56	Competitive Inferno	Match Duration: 46:33	Wait Time: 00:40	2021-05-10 22:13:42 GMT	15:15
2	POKAS#Gabriel	30	21	2	9	4	38	56	Competitive Dust II	Match Duration: 28:58	Wait Time: 02:15	2021-05-11 17:02:30 GMT	6:16
9	à·´ð”¾ð”¹à·´	14	13	2	13	2	53	42	Competitive Mirage	Match Duration: 43:03	Wait Time: 00:15	2021-05-09 14:23:10 GMT	9:16
6	GUERRA!	21	12	5	15	3	8	34	Competitive Mirage	Match Duration: 40:19	Wait Time: 00:19	2021-05-10 00:00:30 GMT	16:12
3	Livinho	10	12	2	14	3	25	31	Competitive Mirage	Match Duration: 39:37	Wait Time: 01:01	2021-05-11 16:15:42 GMT	10:16
0	D!â‚¬GO D!Nâ‚¬LLÂ¥	78	24	6	13	5	20	76	Competitive Overpass	Match Duration: 33:20	Wait Time: 01:34	2021-05-13 02:20:43 GMT	16:04
7	BAIANOR	46	28	2	15	5	24	61	Competitive Cache	Match Duration: 28:19	Wait Time: 00:13	2021-05-09 23:20:30 GMT	16:04
4	tortugoxx	31	24	3	19	4	41	53	Competitive Cache	Match Duration: 46:14	Wait Time: 01:02	2021-05-10 23:07:10 GMT	13:16
1	GALETO	7	20	5	23	2	30	50	Competitive Inferno	Match Duration: 40:25	Wait Time: 00:38	2021-05-12 00:09:23 GMT	16:08
8	turk â„	15	12	0	20	0	46	30	Competitive Inferno	Match Duration: 27:00	Wait Time: 00:22	2021-05-09 22:50:06 GMT	16:01
5	Ã‰ O CARA NÃ‰	27	21	5	21	3	66	64	Competitive Inferno	Match Duration: 46:33	Wait Time: 00:40	2021-05-10 22:13:42 GMT	15:15
2	Zoom	31	18	4	23	4	33	51	Competitive Dust II	Match Duration: 28:58	Wait Time: 02:15	2021-05-11 17:02:30 GMT	6:16
9	joZE	11	19	2	20	3	47	50	Competitive Mirage	Match Duration: 43:03	Wait Time: 00:15	2021-05-09 14:23:10 GMT	9:16
6	mestre pomba	0	15	4	23	0	40	37	Competitive Mirage	Match Duration: 40:19	Wait Time: 00:19	2021-05-10 00:00:30 GMT	16:12
3	Inflict	5	15	1	23	2	33	37	Competitive Mirage	Match Duration: 39:37	Wait Time: 01:01	2021-05-11 16:15:42 GMT	10:16
0	FRVN	43	31	4	15	6	48	67	Competitive Overpass	Match Duration: 33:20	Wait Time: 01:34	2021-05-13 02:20:43 GMT	16:04
7	anashey	13	19	3	14	2	52	46	Competitive Cache	Match Duration: 28:19	Wait Time: 00:13	2021-05-09 23:20:30 GMT	16:04
4	TÃ¸xic	43	17	2	17	4	64	43	Competitive Cache	Match Duration: 46:14	Wait Time: 01:02	2021-05-10 23:07:10 GMT	13:16
1	speed4k	31	13	4	15	2	23	40	Competitive Inferno	Match Duration: 40:25	Wait Time: 00:38	2021-05-12 00:09:23 GMT	16:08
8	D I L L O M	12	7	6	21	2	42	24	Competitive Inferno	Match Duration: 27:00	Wait Time: 00:22	2021-05-09 22:50:06 GMT	16:01
5	â™› GaryBenz â±­Íž Ì¶Íž Ì¶Íž ï»	13	27	1	18	0	25	60	Competitive Inferno	Match Duration: 46:33	Wait Time: 00:40	2021-05-10 22:13:42 GMT	15:15
2	paco	18	21	3	20	5	33	55	Competitive Dust II	Match Duration: 28:58	Wait Time: 02:15	2021-05-11 17:02:30 GMT	6:16
9	tortugoxx	5	16	5	22	3	50	42	Competitive Mirage	Match Duration: 43:03	Wait Time: 00:15	2021-05-09 14:23:10 GMT	9:16
6	Nanabia	13	13	3	23	0	7	35	Competitive Mirage	Match Duration: 40:19	Wait Time: 00:19	2021-05-10 00:00:30 GMT	16:12
3	Gustavolts	0	4	0	5	0	60	8	Competitive Mirage	Match Duration: 39:37	Wait Time: 01:01	2021-05-11 16:15:42 GMT	10:16
0	br0keN	58	22	7	19	3	43	61	Competitive Overpass	Match Duration: 33:20	Wait Time: 01:34	2021-05-13 02:20:43 GMT	16:04
7	tortugoxx	31	19	5	16	3	31	46	Competitive Cache	Match Duration: 28:19	Wait Time: 00:13	2021-05-09 23:20:30 GMT	16:04
4	zerosete	78	17	4	20	0	47	40	Competitive Cache	Match Duration: 46:14	Wait Time: 01:02	2021-05-10 23:07:10 GMT	13:16
1	fLaViNhOdoPnEu	76	16	1	18	0	43	35	Competitive Inferno	Match Duration: 40:25	Wait Time: 00:38	2021-05-12 00:09:23 GMT	16:08
8	dgR	0	0	1	15	0	100	1	Competitive Inferno	Match Duration: 27:00	Wait Time: 00:22	2021-05-09 22:50:06 GMT	16:01
5	sUrui	20	25	1	11	6	44	57	Competitive Inferno	Match Duration: 46:33	Wait Time: 00:40	2021-05-10 22:13:42 GMT	15:15
2	DeriC-	5	23	2	16	4	39	54	Competitive Dust II	Match Duration: 28:58	Wait Time: 02:15	2021-05-11 17:02:30 GMT	6:16
9	Kollen	31	16	8	16	0	50	45	Competitive Mirage	Match Duration: 43:03	Wait Time: 00:15	2021-05-09 14:23:10 GMT	9:16
6	[É¢]á´œÉªsÊ€ÊŸ	20	12	5	18	4	41	42	Competitive Mirage	Match Duration: 40:19	Wait Time: 00:19	2021-05-10 00:00:30 GMT	16:12
3	orion	13	10	2	15	0	50	36	Competitive Mirage	Match Duration: 39:37	Wait Time: 01:01	2021-05-11 16:15:42 GMT	10:16
0	ThePro	52	12	3	6	5	66	28	Competitive Overpass	Match Duration: 33:20	Wait Time: 01:34	2021-05-13 02:20:43 GMT	16:04
7	rivox sheeeeeeeesh	29	11	3	9	4	18	25	Competitive Cache	Match Duration: 28:19	Wait Time: 00:13	2021-05-09 23:20:30 GMT	16:04
4	tortugoxx	26	7	4	9	4	14	21	Competitive Cache	Match Duration: 46:14	Wait Time: 01:02	2021-05-10 23:07:10 GMT	13:16
1	PolarMYBBY	40	8	1	6	2	62	19	Competitive Inferno	Match Duration: 40:25	Wait Time: 00:38	2021-05-12 00:09:23 GMT	16:08
8	enemies spotted	118	5	2	8	0	40	14	Competitive Inferno	Match Duration: 27:00	Wait Time: 00:22	2021-05-09 22:50:06 GMT	16:01
5	Suntrixhs	35	12	7	17	0	25	34	Competitive Inferno	Match Duration: 46:33	Wait Time: 00:40	2021-05-10 22:13:42 GMT	15:15
2	IK1eL	0	7	0	10	2	37	25	Competitive Dust II	Match Duration: 28:58	Wait Time: 02:15	2021-05-11 17:02:30 GMT	6:16
9	â‰ª Å Å©Åˆáº‘ å¾ˆå®¹æ˜“ â‰«	0	7	3	9	0	37	17	Competitive Mirage	Match Duration: 43:03	Wait Time: 00:15	2021-05-09 14:23:10 GMT	9:16
6	ð… ð ð‘	0	5	1	5	2	14	11	Competitive Mirage	Match Duration: 40:19	Wait Time: 00:19	2021-05-10 00:00:30 GMT	16:12
3	Keit3L	0	1	1	8	0	66	9	Competitive Mirage	Match Duration: 39:37	Wait Time: 01:01	2021-05-11 16:15:42 GMT	10:16
